Nucleotide Sequence,Structure
GACAUAUAAUCGCGUGGAUAUGGCACGCAAGUUUCUACCGGGCACCGUAAAUGUCCGAUUAUGUC,((((((.....(((((.......)))))..........((((((.......))))))..))))))
GGGACCAGGGGUGCUUGUUCACAGGCUGAGAAAGUCCCUUUGAACCUGAACAGGGUAAUGCCUGCGCAGGGAGUGUC,(((((.......(((((....))))).......)))))......((((..((((......))))..)))).......
GGCUUCAUAUAAUCCGAAUGAUAUGGUUUCGGAGCUUCCACCAAGAGCCUUAAACUCUUGACUAUGGAGUC,(((((((((...((((((.........))))))........((((((.......))))))..)))))))))
GAUG,....
GGGCUUCGUUAGGUGAGGCUCCUGUAUGGAGAUACGCUGCUGCCCAAAAAUGUCCAAAGACGCCAAUGGGUCAACAGAAAUCAUCGACAUAAGGUGAUUUUUAAUGCAGCUGGAUGCUUGUCCUAUGCCAUACAGUGCUAAAGCUCUACGAUUGAAGCCCA,((((((((....(((.(((((((((((((......(((((.(((((....((((....))))....)))))....((((((((((.......))))))))))...))))).((((....))))....)))))))).)....)))).)))...)))))))).
GCCCGGAUGAUCCUCAGUGGUCUGGGGUGCAGGCUUCAAACCUGUAGCUGUUUAGCGACAGAGUGGUUCAAUUCCACCUUUCGGGC,(((((((.(..((((((....))))))((((((.......)))))).(((((....))))).((((.......))))).)))))))
GGCGAAGAACCGGGGAGCC,(((.............)))
AGCUCGCCAGUUAGCGAGGUCUGUCUCGACACGACAGAUAAUCGGGUGCAACUCCCGCCCCUCUUCCGAGGGUCAUCGGAACC,..(((((......)))))(((((((.......)))))))....(((.((.......)))))..((((((......))))))..
CUGCGGCUAAGGCAUGAAAGUGCUAUGCCUGCUG,...((((..(((((((.......)))))))))))
AGAGAAGAAAGGGAAAUUUUUUUUUUUUUUUU,.(((((((((((((....))))))))))))).
CGCAAUUAGCG,(((.....)))
CGCGUUAGCG,(((....)))
CGCGAAUUCG,..........
UGGGGU,......
UGGGGU,......
GGGUCGUGACUGGCGAACAGGUGGGAAACCACCGGGGAGCGACCCUUGCCGCCCGCCUGGGCAA,(((((((..((........(((((....))))).))..))))))).....((((....))))..
UGCUCCUAGUACGAGGACCGGAGUG,.(((((..((......)).))))).
GUACACGACAAUACUAAACCAUCCGCGAGGAUGGGGCGGAAAGCCUAAGGGUCUCCCUGAGACAGCCGGGCUGCCGAAAUAUC,..................((((((....))))))..(((..(((((....(((((...)))))....))))).))).......
CCUGAGUUCAAUUCUAGCG,...................
UGCCCUAGUACGAGAGGACCGGAGUG,...(((........))).........
AGAGAAGAAAGGGAAAUUUUUUUUUUUUUUUU,.(((((((((((((....))))))))))))).
GCUUAUCAAGAGAGGGGGAGUGACUGGCGCGAAGAACCCCGGCAACCAGAAAUGGUGCCAAUUCCUGCAGCGGAAACGUUGAAAGAUGAGCCG,(((((((......((((..(((.....)))......))))((((.(((....)))))))........(((((....)))))...)))))))..
ACUUAAGUC,.........
AA,..
GGACACUGAUGAUCGCGUGGAUAUGGCACGCAUUGAAUUGUUGGACACCGUAAAUGUCCUAACACGUGUCC,((((((........(((((.......))))).......(((((((((.......))))).)))).))))))
AGCGGGGGGAGCAGCCUGGAGCUCGUCGGGUCAUAACCCGAAGAUCGUCGGCAAAUCCGGCCCCCGCUACC,((((((((((...(((.((.(.((.((((((....)))))).)).).)))))...))...))))))))...
GCUGCUGCUGCUGCUGCUGCUGCUGC,((.((.((.((....)).)).)).))
GGGGGACGACCCCGC,((((.....))))..
CCGGACGAGGUGCGCCGUACCCGGUCAGGACAAGACGGGC,((.(((..(((((...)))))..))).))...........
UGUUCUCUACGAAGAACA,((((((......))))))
CCGGCGCCGG,(((....)))
GUGCGAAGGGACGGUGCGGAGAGGAGAGCAC,((.(....).)).((((..........))))
GCGGGGACGACCCUGC,((((((....))))))
GCGUCGCGCCGGCGAAGUCGC,(((((((....))))...)))
AAAGGGGAGUAGCGUCGGGAAACCGAAACAAAGUCGUCAAUUCGUGAGGAAACUCACCGGCUUUGUUGACAUACGAAAGUAUGUUUAGCAAGACCUUUC,..(((((..(.((.((((....))))((((((((((.......(((((....)))))))))))))))(((((((....)))))))..)).)..))))).
CUGGGUCGCAGU?CCCCAGUUAACAAAACAAG,(((((.........))))).............
GUACGAAGGAAGGUUUGGUAUGGGGUAGUUGUCGUAC,...((((......))))((((((.(....).))))))
ACAUGCACAUGCAAUUUGUGUAUGUGUAUGU,(((((((((((((.....)))))))))))))
GGUGGGGACGACCCCAC,.((((((....))))))
GGCUCGGCGGCGGA,.(((....)))...
GGAGAGUAGAUGAUUCGCGUUAAGUGUGUGUGAAUGGGAUGUCGUCACACAACGAAGCGAGAGCGCGGUGAAUCAUUGCAUCCGCUCCA,((((....((((((((((.....((.(((((((.(((....))))))))))))...(((....))).)))))))))).......)))).
GGAGCGGUAGUUCAGUCGGUUAGAAUACCUGCCUGUCACGCAGGGGGUCGCGGGUUCGAGUCCCGUCCGUUCCGCCA,(((((((..((((.........))))((((.(((((...))))))))).(((((.......))))))))))))....
GGAGCGGGCGGGUUCGAGUCCCGUCCGUUCC,((((((((((((.......))))))))))))
GGCUCGGCGGCGGA,.(((....)))...
GGCUCGGCGGCGGA,.(((....)))...
CGCGAUUAGCG,(((.....)))
UGCUCCUAGUACGAGAGGAACGGAGUG,.(((((..((.(.....).))))))).
GGUACAACGGCUUCCUGGCGUGACC,(((.((.((.(.....).)))))))
UCUCUGGUUAGGAAACUAACUAGGGA,(((((((((((....)))))))))))
GCUGCG,......
GCUGCG,......
GCGCACUGGCGCUGCGCCUUCGGGCGCCAAUCGUAGCGUGUCGGCGCC,((((....((((((((((....))))).......)))))....)))).
GGGUGAUUAGCUCAGCUGGGAGAGCACCUCCCUUACAAGGAGGGGGUCGGCGGUUCGAUCCCGUCAUCACCCACC,(((((((.(((...)))(((((.....))))).......((.(((((((......))))))).)))))))))...
GGGAGUACGGUGAGGGUCGGGUCCAGUAGGUACGCCUACUGUUGAGUAGAGUGUGGGCUCCGUACUCCC,(((((((((((.(.(.((.(.(((((((((....)))))))..)).).)).).).)...))))))))))
GUGUGUGUGUGUGUGUGUGUGUG,.......................
CGGUGUAAGUGCAGCCCGUCUUACACCGUGCGGCACAGCGGAAACGCUGAUGUCGUAACAGGGCU,(((((((((.((.....)))))))))))((((((((((((....))))).)))))))........
CGCGAUUAGCG,(((.....)))
UGCUCCUAGUACGAGAGGACCGGAGUG,.(((((..((.(....).)).))))).
GGGCCAGCAGCAGCAGCAGGUCC,(((((.((.......)).)))))
GGGCCGCUCACUGGUUAGGACCCGCCUACAAGGCGGAGGUGGGGUCCCAGCGGGCCCACCA,(((((.(...((((...(..(((((((.(......))))))))..))))).))))))....
UUCUGCUGCUGAA,.............
GUCUCCUAG,.........
GGCGAUACCAGCCGAAAGGCCCUUGGCAGCGCC,((((...((((((....)))...)))...))))
GCGCCGGUUAGGCAGAGGUGGGUGGUGUGGAGGAGUAUCUGUCCGGCGC,(((((((....(((((.....................))))))))))))
GAAGAUUGUAAACAUGCCGAAAGGCAGACACUUCC,((((..(((...(.((((....)))))))))))).
GGGAGUUAGACUCGCGAAAGCGAGGAACUGCGAAAGCAGUACUUCC,((((((....(((((....)))))..(((((....)))))))))))
CGCGAAUAGCG,(((.....)))
AGAGAGAUCUUCUCU,(((((.....)))))
AGAGAAGUCUUCUCU,((((((...))))))
AGAGAGAUCUCCUCU,..((((.....))))
AGAGAAGCCUUCUCU,((((((...))))))
UAUGGAAGAGGCGGUUGGUAU,.....................
GUGUGU,......
GUGUGU,......
GGUGUGUACCGUUCAACUCGUCCCAGCUUCGACUGGGACUACGGGAGCGCCU,(((((...((((.......(((((((......))))))).))))..))))).
